City_ID,City,Lat,Lng,Max Temp,Humidity,Cloudiness,Wind Speed,Country,Date
0,ushuaia,-54.8,-68.3,282.94,61,75,13.89,AR,1702221415
1,rio preto da eva,-2.6994,-59.6997,307.43,49,100,1.28,BR,1702221415
2,adamstown,-25.066,-130.1015,294.31,64,95,5.39,PN,1702221415
3,saint-francois,46.4154,3.9054,285.18,67,100,3.6,FR,1702221415
4,constantia,44.1833,28.65,273.53,82,98,4.38,RO,1702221416
5,waitangi,-43.9535,-176.5597,282.49,61,21,5.81,NZ,1702221416
6,hermanus,-34.4187,19.2345,296.29,51,0,9.17,ZA,1702221416
7,afaahiti,-17.75,-149.2833,298.08,84,87,10.74,PF,1702221416
8,nuku'alofa,-21.1333,-175.2,295.34,88,20,1.54,TO,1702221416
9,igarka,67.4667,86.5833,237.43,98,100,1.88,RU,1702221416
10,margaret river,-33.95,115.0667,291.31,42,0,5.63,AU,1702221417
11,pontotoc,34.2479,-88.9987,280.93,59,5,6.93,US,1702221417
12,bibiani,6.4635,-2.3194,307.26,34,25,1.16,GH,1702221417
13,qaqortoq,60.7167,-46.0333,266.12,73,99,2.1,GL,1702221418
14,sisimiut,66.9395,-53.6735,268.81,94,100,5.13,GL,1702221122
15,st. john's,47.5649,-52.7093,275.91,81,100,5.14,CA,1702221418
16,menongue,-14.6585,17.691,298.38,54,99,1.36,AO,1702221418
17,thompson,55.7435,-97.8558,255.24,85,75,2.06,CA,1702221418
18,bilibino,68.0546,166.4372,247.12,100,86,1.81,RU,1702221419
19,petropavlovsk-kamchatsky,53.0452,158.6483,273.48,95,100,8.0,RU,1702221419
20,longyearbyen,78.2186,15.6401,269.06,86,75,0.51,SJ,1702221419
21,el porvenir,13.7617,-87.3458,297.78,53,1,2.36,HN,1702221419
22,kodiak,57.79,-152.4072,274.88,93,100,11.32,US,1702221420
23,kruisfontein,-34.0033,24.7314,293.09,64,82,5.3,ZA,1702221420
24,yellowknife,62.456,-114.3525,262.82,100,100,4.47,CA,1702221122
25,mount pearl,47.5166,-52.7813,275.45,81,100,5.14,CA,1702221420
26,kone,-21.0595,164.8658,295.92,74,100,2.15,NC,1702221420
27,port-aux-francais,-49.35,70.2167,276.35,74,33,11.88,TF,1702221420
28,merritt,50.1123,-120.7942,269.44,93,95,1.79,CA,1702221421
29,utrik,11.2278,169.8474,300.09,80,78,10.24,MH,1702221421
30,fonte boa,-2.4959,-66.2662,305.15,58,89,1.3,BR,1702221421
31,tsiombe,-25.3,45.4833,301.19,59,0,4.31,MG,1702221421
32,mawlamyinegyunn,16.3833,95.2667,297.12,80,48,2.73,MM,1702221422
33,huarmey,-10.0681,-78.1522,295.67,73,48,3.73,PE,1702221422
34,brisas de zicatela,15.8369,-97.0419,300.44,69,0,3.09,MX,1702221422
35,joshimath,30.5667,79.5667,279.58,25,1,3.66,IN,1702221422
36,broome,42.2506,-75.833,285.36,94,100,3.6,US,1702221423
37,la ronge,55.1001,-105.2842,260.29,85,20,3.6,CA,1702221423
38,coahuayana de hidalgo,18.7,-103.6583,299.82,55,100,1.07,MX,1702221423
39,penzance,50.1186,-5.5371,285.53,82,97,13.72,GB,1702221423
40,hamilton,39.1834,-84.5333,276.71,78,100,4.92,US,1702221423
41,as samawah,31.332,45.2944,296.02,32,69,2.56,IQ,1702221424
42,thinadhoo,0.5333,72.9333,301.56,73,92,1.01,MV,1702221424
43,mount darwin,-16.7725,31.5838,307.62,22,94,3.71,ZW,1702221424
44,raja,8.4596,25.678,307.81,13,38,1.47,SS,1702221424
45,bardai,11.65,7.2333,304.05,8,79,4.02,NG,1702221424
46,khandyga,62.6667,135.6,239.57,99,100,1.32,RU,1702221425
47,albany,42.6001,-73.9662,287.09,83,100,1.34,US,1702221425
48,valdivia,-39.8142,-73.2459,295.36,39,84,1.6,CL,1702221206
49,olonkinbyen,70.9221,-8.7187,267.28,58,14,1.18,SJ,1702221425
50,chapada dos guimaraes,-15.4606,-55.7497,303.96,24,11,0.89,BR,1702221425
51,edinburgh of the seven seas,-37.0676,-12.3116,286.27,69,100,5.8,SH,1702221426
52,papao,-17.75,-149.55,298.97,85,87,11.97,PF,1702221426
53,bambari,5.768,20.6757,307.26,25,82,1.55,CF,1702221426
54,hawaiian paradise park,19.5933,-154.9731,295.95,98,100,2.06,US,1702221426
55,al bawiti,28.3492,28.8659,292.59,31,18,3.81,EG,1702221427
56,nova vicosa,-17.8919,-39.3719,301.78,64,46,4.56,BR,1702221427
57,carnarvon,-24.8667,113.6333,300.72,37,0,5.21,AU,1702221175
58,portland,45.5234,-122.6762,284.42,96,100,4.92,US,1702221128
59,al jawf,29.5,38.75,295.07,41,100,1.95,SA,1702221428
60,talnakh,69.4865,88.3972,243.82,99,100,3.62,RU,1702221428
61,jamestown,42.097,-79.2353,277.9,96,100,2.06,US,1702221428
62,bridgewater,44.3835,-64.5155,280.94,92,100,5.66,CA,1702221428
63,gobabis,-22.45,18.9667,304.51,11,98,8.63,NA,1702221428
64,arraial do cabo,-22.9661,-42.0278,299.07,61,75,5.14,BR,1702221429
65,west island,-12.1568,96.8225,299.14,83,35,5.66,CC,1702221429
66,jaisalmer,26.9147,70.9181,293.93,20,2,1.68,IN,1702221429
67,ilulissat,69.2167,-51.1,269.16,74,100,6.69,GL,1702221291
68,puerto ayora,-0.7393,-90.3518,300.13,80,70,4.32,EC,1702221429
69,howrah,22.5892,88.3103,294.15,64,0,0.0,IN,1702221419
70,isafjordur,66.0755,-23.124,269.17,86,20,1.03,IS,1702221430
71,saldanha,-33.0117,17.9442,299.18,70,21,7.83,ZA,1702221430
72,aasiaat,68.7098,-52.8699,266.82,94,100,6.56,GL,1702221285
73,sandnessjoen,66.0217,12.6316,273.21,55,0,1.54,NO,1702221430
74,irati,-25.4672,-50.6511,289.92,99,100,0.11,BR,1702221338
75,cabo san lucas,22.8909,-109.9124,294.68,51,0,4.63,MX,1702221431
76,alaghsas,17.0187,8.0168,301.09,15,3,10.29,NE,1702221431
77,guerrero negro,27.9769,-114.0611,287.71,38,0,1.57,MX,1702221397
78,iqaluit,63.7506,-68.5145,268.0,85,100,4.12,CA,1702221431
79,dudinka,69.4058,86.1778,244.05,96,100,1.34,RU,1702221432
80,ambagarh chauki,20.7833,80.7167,291.9,58,0,1.81,IN,1702221432
81,acapulco de juarez,16.8634,-99.8901,299.05,78,75,2.57,MX,1702221163
82,taro,-8.3862,115.28,297.15,93,93,0.78,ID,1702221432
83,grytviken,-54.2811,-36.5092,279.87,85,100,4.91,GS,1702221433
84,minas de marcona,-15.2119,-75.1103,290.98,67,99,3.24,PE,1702221433
85,zinder,13.8072,8.9881,304.13,12,0,5.14,NE,1702221433
86,sault ste. marie,46.5168,-84.3333,274.31,80,40,7.2,CA,1702221433
87,weno,7.4515,151.8468,301.65,71,96,8.68,FM,1702221434
88,nemuro,43.3236,145.575,272.4,57,21,8.93,JP,1702221434
89,iskateley,67.6803,53.1512,250.38,91,96,4.92,RU,1702221434
90,port elizabeth,-33.918,25.5701,294.32,69,20,4.63,ZA,1702221434
91,gersfeld,50.4514,9.9142,280.47,79,93,7.09,DE,1702221435
92,callaway,30.153,-85.5699,292.18,97,20,2.06,US,1702221435
93,xiaoweizhai,26.1903,107.5125,292.26,89,100,3.72,CN,1702221435
94,bakori,11.5544,7.4243,304.04,8,81,4.05,NG,1702221435
95,aripuana,-9.1667,-60.6333,310.91,35,7,1.02,BR,1702221435
96,quellon,-43.1167,-73.6167,287.77,72,100,0.17,CL,1702221436
97,blackmans bay,-43.0167,147.3167,284.0,88,100,0.45,AU,1702221436
98,baiyin,36.5583,104.2081,273.46,48,23,1.67,CN,1702221436
99,bethel,41.3712,-73.414,286.04,87,100,3.09,US,1702221437
100,sitka,57.0531,-135.33,276.09,81,100,4.12,US,1702221437
101,bengkulu,-3.8004,102.2655,297.78,90,100,1.48,ID,1702221439
102,college,64.8569,-147.8028,251.43,74,75,0.0,US,1702221439
103,san patricio,28.017,-97.5169,285.32,30,0,6.79,US,1702221440
104,nosy varika,-20.5833,48.5333,299.77,82,25,3.01,MG,1702221440
105,gadzhiyevo,69.2551,33.3362,262.43,83,100,8.81,RU,1702221440
106,tura,25.5198,90.2201,287.8,56,0,1.14,IN,1702221440
107,berezovyy,51.6667,135.7,250.8,68,5,4.0,RU,1702221440
108,lazaro cardenas,17.9583,-102.2,299.78,58,100,0.95,MX,1702221441
109,ishim,56.1128,69.4902,239.84,97,39,2.68,RU,1702221441
110,road town,18.4167,-64.6167,300.2,83,40,7.72,VG,1702221441
111,kirakira,-10.4544,161.9205,298.25,93,100,1.49,SB,1702221441
112,jiangyou,31.7667,104.7167,286.21,76,94,0.51,CN,1702221441
113,gogrial,8.5332,28.1004,308.95,15,55,1.14,SS,1702221442
114,puerto natales,-51.7236,-72.4875,285.4,50,75,3.6,CL,1702221442
115,happy valley-goose bay,53.3168,-60.3315,265.32,67,75,0.0,CA,1702221442
116,nushki,29.5542,66.0215,286.53,25,11,1.21,PK,1702221442
117,zemio,5.0314,25.1361,304.52,40,61,1.44,CF,1702221442
118,polyarnyy,69.1989,33.4478,262.81,84,100,8.69,RU,1702221443
119,daru,-9.0763,143.2092,299.18,83,40,2.83,PG,1702221443
120,tiksi,71.6872,128.8694,247.89,100,100,1.33,RU,1702221443
121,taltal,-25.4,-70.4833,292.31,70,13,2.21,CL,1702221443
122,remire-montjoly,4.9167,-52.2667,304.17,62,75,5.14,GF,1702221443
123,karratha,-20.7377,116.8463,301.03,55,0,3.58,AU,1702221444
124,laguna,38.421,-121.4238,282.64,95,20,0.0,US,1702221279
125,zigong,29.3416,104.7769,286.8,76,3,1.69,CN,1702221444
126,rasht,37.2808,49.5832,288.05,100,100,0.0,IR,1702221444
127,pavlohrad,48.5167,35.8667,273.98,91,100,4.44,UA,1702221444
128,stanley,54.868,-1.6985,279.1,94,75,3.09,GB,1702221445
129,atafu village,-8.5421,-172.5159,301.59,79,100,7.28,TK,1702221445
130,minsk mazowiecki,52.1794,21.5725,274.39,98,100,3.91,PL,1702221445
131,labrador city,52.9463,-66.9114,271.1,93,100,5.14,CA,1702221445
132,kovdor,67.5662,30.4758,257.36,96,99,2.0,RU,1702221446
133,argo,37.6333,22.7333,284.7,67,94,1.27,GR,1702221446
134,kamaishi,39.2667,141.8833,279.1,66,89,3.57,JP,1702221446
135,yuzhno-kurilsk,44.0306,145.8556,273.91,76,48,7.88,RU,1702221446
136,indre arna,60.4247,5.4764,276.85,81,78,2.62,NO,1702221446
137,zahedan,29.4963,60.8629,287.1,26,0,3.09,IR,1702221447
138,hithadhoo,-0.6,73.0833,301.45,73,79,0.16,MV,1702221447
139,alice springs,-23.7,133.8833,283.9,93,23,2.06,AU,1702221388
140,ulladulla,-35.35,150.4667,295.24,94,100,1.25,AU,1702221448
141,morehead city,34.7229,-76.726,294.83,86,75,6.69,US,1702221190
142,haiku-pauwela,20.9219,-156.3051,297.06,81,0,2.57,US,1702221449
143,lincoln city,44.9582,-124.0179,285.57,96,100,8.05,US,1702221449
144,tamanrasset,22.785,5.5228,296.1,11,0,1.54,DZ,1702221449
145,zhumysker,49.3333,49.4,265.12,72,14,7.12,KZ,1702221449
146,badger,64.8,-147.5333,251.38,72,20,0.0,US,1702221450
147,coquimbo,-29.9533,-71.3436,289.0,88,100,2.06,CL,1702221400
148,papatowai,-46.5619,169.4708,279.73,84,50,3.65,NZ,1702221450
149,tsengel,49.4783,100.8894,252.5,93,96,0.86,MN,1702221450
150,loa janan,-0.583,117.095,297.4,97,100,0.5,ID,1702221450
151,jijiga,9.35,42.8,293.02,37,5,6.71,ET,1702221451
152,flin flon,54.7682,-101.865,264.06,92,100,1.03,CA,1702221451
153,invercargill,-46.4,168.35,278.15,87,27,2.86,NZ,1702221451
154,bodo,67.28,14.405,271.17,64,75,7.72,NO,1702221451
155,bamboo flat,11.7,92.7167,300.31,77,78,2.41,IN,1702221451
156,washington,47.5001,-120.5015,275.58,94,100,1.22,US,1702221386
157,lebu,-37.6167,-73.65,289.14,67,99,9.34,CL,1702221452
158,dhidhdhoo,6.8833,73.1,302.09,76,10,7.13,MV,1702221452
159,suva,-18.1416,178.4415,295.55,68,24,4.41,FJ,1702221398
160,westport,41.1415,-73.3579,287.77,93,100,2.57,US,1702221452
161,chernyshevskiy,63.0128,112.4714,243.33,98,100,1.53,RU,1702221453
162,kingston,17.997,-76.7936,303.28,75,0,1.34,JM,1702221236
163,kismayo,-0.3582,42.5454,300.88,75,94,6.5,SO,1702221453
164,avarua,-21.2078,-159.775,298.18,88,75,9.77,CK,1702221453
165,christchurch,-43.5333,172.6333,285.32,74,3,4.63,NZ,1702221454
166,tantoyuca,21.35,-98.2333,287.58,83,100,3.22,MX,1702221454
167,carora,10.1755,-70.0827,304.49,46,53,5.85,VE,1702221454
168,verkhnevilyuysk,63.4453,120.3167,246.86,96,100,3.27,RU,1702221454
169,zhaotong,27.3167,103.7167,280.76,91,30,2.92,CN,1702221454
170,maintirano,-18.0667,44.0167,302.59,72,51,3.81,MG,1702221455
171,celestun,20.8667,-90.4,298.91,82,79,2.64,MX,1702221455
172,ust'-ilimsk,58.0006,102.6619,237.84,100,39,1.46,RU,1702221456
173,llanes,43.4198,-4.7549,290.88,78,100,0.98,ES,1702221274
174,tynda,55.1667,124.7167,238.6,94,16,1.95,RU,1702221458
175,geraldton,-28.7667,114.6,296.38,13,0,5.66,AU,1702221458
176,isangel,-19.55,169.2667,295.96,75,100,4.22,VU,1702221460
177,ta`u,-14.2336,-169.5144,297.27,93,100,4.31,AS,1702221460
178,ribeira grande,38.5167,-28.7,292.37,68,75,8.94,PT,1702221461
179,kavieng,-2.5744,150.7967,300.57,80,100,4.39,PG,1702221461
180,wailua homesteads,22.0669,-159.378,296.59,84,0,5.14,US,1702221462
181,ancud,-41.8697,-73.8203,288.0,73,62,3.22,CL,1702221462
182,jonava,55.0833,24.2833,272.18,86,100,4.63,LT,1702221464
183,bijie,27.3125,105.2942,283.75,88,54,3.13,CN,1702221467
184,vila velha,-20.3297,-40.2925,299.12,72,100,4.63,BR,1702221465
185,bubaque,11.2833,-15.8333,302.5,46,100,1.31,GW,1702221469
186,kodinar,20.7903,70.7031,297.13,58,15,2.41,IN,1702221471
187,mermoz boabab,14.7065,-17.4758,308.46,51,0,4.12,SN,1702221472
188,klyuchi,52.2667,79.1667,252.86,84,14,2.05,RU,1702221474
189,i-n-salah,27.1935,2.4607,294.03,29,68,7.86,DZ,1702221283
190,hadibu,12.65,54.0333,298.42,69,12,6.01,YE,1702221477
191,pangody,65.85,74.4859,235.4,100,40,2.77,RU,1702221477
192,arteche,12.2645,125.4048,299.45,85,81,3.71,PH,1702221478
193,wabag,-5.4781,143.7021,286.35,98,100,1.15,PG,1702221479
194,saiha,22.4833,92.9667,287.36,93,0,1.04,IN,1702221479
195,sparti,37.0733,22.4297,286.45,69,61,1.44,GR,1702221479
196,saint helier,49.188,-2.1049,287.29,44,75,11.83,JE,1702221480
197,wagar,16.1525,36.2032,305.9,21,9,2.85,SD,1702221481
198,susuman,62.7833,148.1667,259.81,93,100,0.45,RU,1702221481
199,udachny,66.4167,112.4,243.95,74,100,4.63,RU,1702221481
200,east london,-33.0153,27.9116,291.67,82,75,4.63,ZA,1702221482
201,lompoc,34.6391,-120.4579,287.47,64,0,3.6,US,1702221482
202,tofol,5.3248,163.0078,301.11,77,68,6.94,FM,1702221483
203,port augusta,-32.5,137.7667,291.46,83,100,1.97,AU,1702221484
204,new norfolk,-42.7826,147.0587,284.66,81,100,1.44,AU,1702221484
205,brainerd,46.358,-94.2008,267.29,89,100,0.0,US,1702221485
206,abaetetuba,-1.7181,-48.8825,305.4,54,72,3.11,BR,1702221485
207,horta,38.5333,-28.6333,291.49,79,75,9.77,PT,1702221210
208,kenai,60.5544,-151.2583,266.01,91,75,3.6,US,1702221485
209,vaijapur,19.9167,74.7333,296.32,49,1,3.55,IN,1702221485
210,bredasdorp,-34.5322,20.0403,294.39,55,0,6.88,ZA,1702221486
211,puerto aysen,-45.4,-72.7,285.33,99,100,2.34,CL,1702221386
212,kerikeri,-35.2268,173.9474,291.43,89,100,0.45,NZ,1702221486
213,san mariano,7.5,126.0,294.95,90,67,1.13,PH,1702221487
214,rikaze,29.25,88.8833,274.67,34,60,1.22,CN,1702221487
215,langepas,61.2544,75.2124,241.94,97,12,2.58,RU,1702221488
216,belyy yar,53.6039,91.3903,244.09,76,89,1.0,RU,1702221488
217,san luis de la loma,17.2706,-100.8939,300.69,53,100,1.71,MX,1702221488
218,changuinola,9.4333,-82.5167,299.86,71,61,2.24,PA,1702221489
219,vanimo,-2.6741,141.3028,299.22,92,100,3.96,PG,1702221489
220,eydhafushi,5.1033,73.0708,301.79,72,100,0.19,MV,1702221489
221,broken hill,-31.95,141.4333,301.83,38,98,1.39,AU,1702221490
222,vadso,70.0744,29.7487,262.24,79,75,9.77,NO,1702221491
223,puerto lempira,15.2667,-83.7667,303.23,89,40,0.0,HN,1702221492
224,salalah,17.0151,54.0924,299.2,53,0,1.54,OM,1702221492
225,freetown,8.484,-13.2299,303.99,66,40,4.12,SL,1702221492
226,ylivieska,64.0833,24.55,260.31,95,94,2.48,FI,1702221493
227,petawawa,45.9001,-77.3328,276.36,96,100,0.45,CA,1702221494
228,port lincoln,-34.7333,135.8667,287.89,92,100,12.12,AU,1702221494
229,hemsby,52.6971,1.6918,282.82,93,100,12.09,GB,1702221495
230,antsiranana,-12.2787,49.2917,300.15,81,96,6.43,MG,1702221496
231,tolanaro,-25.0319,46.9987,299.03,86,7,6.74,MG,1702221496
232,pullman,46.7313,-117.1796,277.28,95,100,5.66,US,1702221496
233,timbuktu,16.7735,-3.0074,304.3,11,99,6.17,ML,1702221497
234,xining,36.6167,101.7667,272.63,48,65,0.88,CN,1702221497
235,port shepstone,-30.7414,30.455,292.72,83,100,5.39,ZA,1702221498
236,tazovsky,67.4667,78.7,240.05,95,44,3.36,RU,1702221498
237,twon-brass,4.3151,6.2418,301.92,74,42,5.97,NG,1702221500
238,whitehorse,60.7161,-135.0538,254.71,76,40,2.57,CA,1702221501
239,nova sintra,14.8667,-24.7167,296.19,74,87,7.32,CV,1702221502
240,kampong speu,11.5,104.3333,298.38,80,87,1.78,KH,1702221502
241,fortuna,40.5982,-124.1573,277.34,100,0,5.14,US,1702221503
242,gisborne,-38.6533,178.0042,287.05,87,99,3.56,NZ,1702221503
243,tokar,18.4254,37.729,301.39,59,62,7.33,SD,1702221504
244,axim,4.8699,-2.2405,302.49,69,99,4.29,GH,1702221504
245,choibalsan,48.0667,114.5,243.75,90,77,1.41,MN,1702221504
246,sungai penuh,-2.0833,101.3833,292.44,98,100,0.34,ID,1702221505
247,rushville,39.6092,-85.4464,275.27,82,12,1.79,US,1702221506
248,port mathurin,-19.6833,63.4167,299.86,71,43,3.98,MU,1702221506
249,mejit,10.2753,170.8646,300.32,80,89,10.11,MH,1702221506
250,kiunga,-6.1219,141.2906,296.82,99,100,2.39,PG,1702221507
251,aykhal,66.0,111.5,244.74,99,100,1.86,RU,1702221507
252,chornobay,49.6708,32.3239,273.76,97,100,3.92,UA,1702221507
253,vilyuysk,63.7553,121.6247,245.74,96,100,3.39,RU,1702221508
254,ingeniero guillermo n. juarez,-23.9,-61.85,297.52,88,100,5.16,AR,1702221508
255,boden,65.8252,21.6886,266.15,100,93,1.13,SE,1702221509
256,hasaki,35.7333,140.8333,285.53,68,100,1.42,JP,1702221361
257,lerwick,60.1545,-1.1494,280.15,80,100,10.35,GB,1702221509
258,silva jardim,-22.6508,-42.3917,299.09,79,100,2.53,BR,1702221321
259,belmonte,-15.8631,-38.8828,302.5,60,57,3.04,BR,1702221510
260,port alfred,-33.5906,26.891,294.92,73,42,1.34,ZA,1702221510
261,nar'yan-mar,67.6713,53.087,250.43,91,97,4.92,RU,1702221511
262,pacocha,-17.5833,-71.3333,294.63,72,59,2.95,PE,1702221511
263,itoman,26.1247,127.6694,295.16,78,4,2.06,JP,1702221512
264,kapuskasing,49.4169,-82.4331,268.2,86,100,5.66,CA,1702221464
265,punta arenas,-53.15,-70.9167,284.21,40,20,13.89,CL,1702221482
266,amasya,40.6667,35.8333,282.97,68,27,0.74,TR,1702221513
267,bukama,-9.2,25.85,303.72,57,100,2.01,CD,1702221513
268,ruiz,21.95,-105.15,295.85,42,0,1.2,MX,1702221514
269,port-cartier,50.0334,-66.8654,274.21,91,100,4.37,CA,1702221515
270,deogarh,21.5333,84.7333,290.75,60,0,1.08,IN,1702221516
271,banda aceh,5.5577,95.3222,299.58,86,100,2.6,ID,1702221516
272,hatillo,18.4863,-66.8254,303.19,72,71,6.26,PR,1702221517
273,afif,23.9065,42.9172,293.61,19,100,3.52,SA,1702221517
274,luba,3.4568,8.5547,303.09,82,48,1.94,GQ,1702221520
275,sahibganj,25.25,87.65,291.14,35,0,1.76,IN,1702221521
276,yoichi,43.2039,140.7703,271.17,84,100,9.49,JP,1702221521
277,gelendost,38.1208,31.0153,281.35,74,70,3.59,TR,1702221522
278,sinabang,2.4803,96.3801,299.57,85,99,1.63,ID,1702221522
279,puerto carreno,6.189,-67.4859,305.09,52,11,2.75,CO,1702221523
280,champerico,14.3,-91.9167,304.45,65,12,2.26,GT,1702221523
281,raton,36.9034,-104.4391,265.34,78,0,2.57,US,1702221524
282,kargasok,59.0556,80.8572,244.24,97,27,3.13,RU,1702221524
283,moree,-29.4667,149.85,296.58,52,0,7.11,AU,1702221525
284,pisco,-13.7,-76.2167,295.18,78,60,4.12,PE,1702221525
285,firuzabad,28.8438,52.5707,288.21,37,37,1.57,IR,1702221526
286,labuan,5.2767,115.2417,300.35,89,20,0.0,MY,1702221526
287,mbulu,-3.85,35.5333,292.91,75,93,4.48,TZ,1702221527
288,chudey,48.0525,25.6221,269.11,97,82,0.51,UA,1702221527
289,luwuk,-0.9516,122.7875,299.52,85,100,1.61,ID,1702221527
290,santa maria da vitoria,-13.3947,-44.1886,310.35,25,17,2.77,BR,1702221527
291,hebi,35.8992,114.1925,271.42,95,100,7.42,CN,1702221528
292,hotan,37.0997,79.9269,280.07,21,0,4.52,CN,1702221528
293,sidney,-33.8679,151.2073,295.54,83,81,3.6,AU,1702221247
294,mombetsu,44.3525,143.3525,269.44,74,67,8.62,JP,1702221528
295,yung shue wan,22.2333,114.1167,296.9,86,45,0.45,HK,1702221529
296,'alaqahdari dishu,30.4374,63.313,288.65,24,10,1.82,AF,1702221529
297,vila franca do campo,37.7167,-25.4333,291.42,99,100,5.18,PT,1702221529
298,sake,-1.5736,29.045,293.52,94,91,0.88,CD,1702221530
299,codrington,-38.2667,141.9667,288.16,90,100,7.58,AU,1702221530
300,kemise,10.7167,39.8667,293.82,45,26,2.46,ET,1702221530
301,barra de santo antonio,-9.4047,-35.5072,303.75,62,96,5.8,BR,1702221531
302,san juan de miraflores,-12.1629,-76.9635,293.44,75,25,3.49,PE,1702221531
303,port hueneme,34.1478,-119.1951,290.67,15,0,6.69,US,1702221317
304,buka,40.8108,69.1986,275.94,62,100,1.75,UZ,1702221308
305,artesia,33.8658,-118.0831,290.38,19,0,3.09,US,1702221532
306,lakatoro,-16.0999,167.4164,298.04,78,100,5.1,VU,1702221533
307,anadyr,64.75,177.4833,248.43,83,0,4.0,RU,1702221534
308,ust-nera,64.5667,143.2,257.54,98,100,3.12,RU,1702221534
309,kuanda,56.3161,116.0806,237.05,93,33,0.34,RU,1702221535
310,onega,63.9061,38.1404,258.74,92,100,6.38,RU,1702221421
311,veraval,20.9,70.3667,297.66,56,14,3.42,IN,1702221537
312,tocopilla,-22.092,-70.1979,294.71,68,33,1.68,CL,1702221537
313,laojunmiao,39.8333,97.7333,267.48,61,99,0.55,CN,1702221537
314,nabire,-3.3667,135.4833,298.79,86,100,0.7,ID,1702221538
315,uturoa,-16.7333,-151.4333,299.73,82,65,8.4,PF,1702221538
316,bairnsdale,-37.8333,147.6167,291.51,94,100,1.13,AU,1702221538
317,ibimirim,-8.5406,-37.6903,308.54,21,0,3.1,BR,1702221435
318,neuruppin,52.9282,12.8031,280.36,88,100,7.69,DE,1702221539
319,fale old settlement,-9.3852,-171.2468,300.05,86,100,9.46,TK,1702221540
320,mersa matruh,31.3525,27.2453,292.82,37,57,1.6,EG,1702221540
321,panama city beach,30.1766,-85.8055,292.22,98,100,2.06,US,1702221541
322,guankou,28.15,113.6333,284.04,95,100,1.85,CN,1702221541
323,shakiso,5.75,38.9167,293.6,53,83,1.34,ET,1702221541
324,cascais,38.6979,-9.4215,293.99,97,75,4.02,PT,1702221542
325,jiwani,25.05,61.7417,298.48,59,1,5.44,PK,1702221542
326,mingguang,32.7802,117.9638,281.51,80,100,6.52,CN,1702221543
327,nizhny tagil,57.9194,59.965,249.13,97,100,2.94,RU,1702221362
328,georgetown,5.4112,100.3354,302.11,90,20,1.54,MY,1702221451
329,pitimbu,-7.4706,-34.8086,304.48,57,70,5.31,BR,1702221546
330,tongouson,5.0214,120.1328,300.82,74,96,0.99,PH,1702221546
331,chebba,35.2372,11.115,293.19,56,3,7.78,TN,1702221546
332,upington,-28.4478,21.2561,304.36,11,0,6.69,ZA,1702221547
333,boudouaou,36.7273,3.41,294.16,49,0,3.6,DZ,1702221548
334,cordoba,-31.4135,-64.1811,304.5,42,0,3.09,AR,1702221430
335,port douglas,-16.4833,145.4667,297.96,82,29,3.36,AU,1702221548
336,guarapari,-20.6667,-40.4975,298.65,68,92,4.2,BR,1702221400
337,sacaba,20.5833,-89.9833,300.72,72,62,1.96,MX,1702221549
338,vilyuchinsk,52.9306,158.4028,274.3,99,100,6.38,RU,1702221399
339,dombarovskiy,50.7587,59.5386,254.82,66,8,1.34,RU,1702221549
340,ascension,30.2169,-90.9001,285.41,67,75,6.17,US,1702221550
341,caburan,5.9181,125.6411,299.84,83,18,3.85,PH,1702221551
342,saipan,15.1355,145.701,299.54,89,40,4.12,MP,1702221551
343,quibdo,5.6947,-76.6611,302.04,78,93,1.22,CO,1702221551
344,cockburn town,21.4612,-71.1419,299.56,78,76,11.76,TC,1702221552
345,santana,-0.0583,-51.1817,306.25,58,75,4.63,BR,1702221539
346,tan-tan,28.438,-11.1032,303.12,17,0,6.17,MA,1702221553
347,mangrol,21.1167,70.1167,297.72,52,8,4.38,IN,1702221554
348,vila vicosa,38.7777,-7.4179,290.19,72,28,1.58,PT,1702221554
349,agat village,13.3886,144.6585,300.67,84,20,4.12,GU,1702221554
350,santa cruz,-17.8,-63.1667,308.18,43,75,7.2,BO,1702221482
351,lihue,21.9789,-159.3672,296.92,77,0,5.14,US,1702221555
352,muzaffarabad,34.37,73.4711,285.4,28,100,2.43,PK,1702221555
353,krasnokamsk,58.0802,55.7541,244.24,100,21,0.71,RU,1702221556
354,umluj,25.0213,37.2685,300.04,65,100,2.46,SA,1702221556
355,margate,51.3813,1.3862,284.76,93,100,6.71,GB,1702221272
356,el salto,20.3333,-104.5,290.4,57,39,0.61,MX,1702221556
357,al hilaliyya,14.9398,33.234,304.54,17,75,2.38,SD,1702221557
358,sambhar,26.9167,75.2,290.36,26,0,2.14,IN,1702221557
359,pekanbaru,0.5333,101.45,299.33,100,40,2.06,ID,1702221558
360,nizhniy odes,63.6445,54.856,241.88,100,96,1.29,RU,1702221559
361,talara,-4.5772,-81.2719,301.57,57,0,9.77,PE,1702221271
362,berriane,32.8265,3.7669,293.62,30,12,1.87,DZ,1702221560
363,chamzinka,54.4019,45.7839,259.17,85,100,5.51,RU,1702221560
364,acarau,-2.8856,-40.12,303.59,60,96,8.12,BR,1702221560
365,samut songkhram,13.4,99.9583,298.37,82,99,2.61,TH,1702221560
366,yanykurgan,43.915,67.2481,270.51,35,100,3.12,KZ,1702221561
367,praia da vitoria,38.7333,-27.0667,292.29,77,20,6.58,PT,1702221561
368,dimapur,25.9,93.7333,290.01,94,0,0.36,IN,1702221562
369,yigou,35.8114,114.3167,272.06,87,100,8.1,CN,1702221562
370,rio grande,-32.035,-52.0986,299.21,83,100,7.89,BR,1702221563
371,mulanje,-16.0316,35.5,308.7,28,86,2.33,MW,1702221564
372,tindouf,27.6711,-8.1474,298.4,19,6,7.2,DZ,1702221565
373,yegorlykskaya,46.5656,40.6562,273.19,94,100,6.25,RU,1702221565
374,el jadid,33.2549,-8.506,294.02,66,2,5.78,MA,1702221565
375,mao,39.8885,4.2658,291.46,82,20,2.06,ES,1702221566
376,yemel'yanovo,56.1681,92.6767,237.08,70,45,0.0,RU,1702221566
377,mugia,43.1041,-9.2179,291.02,84,100,10.9,ES,1702221566
378,novokhopersk,51.0969,41.6252,268.15,68,100,6.07,RU,1702221567
379,trinity beach,-16.7888,145.6968,298.16,77,75,0.51,AU,1702221567
380,kununurra,-15.7667,128.7333,302.14,70,40,2.57,AU,1702221567
381,sao joao da barra,-21.6403,-41.0511,299.2,74,100,4.33,BR,1702221569
382,kodoli,16.8833,74.2,296.85,56,17,2.8,IN,1702221570
383,la'ie,21.6477,-157.9253,299.13,81,33,2.68,US,1702221570
384,saint-paul,-21.0096,55.2707,300.21,98,52,0.45,RE,1702221571
385,canto do buriti,-8.11,-42.9444,308.52,36,54,3.64,BR,1702221572
386,keflavik,64.0049,-22.5624,274.39,80,75,4.12,IS,1702221572
387,rundu,-17.9333,19.7667,306.79,18,93,4.62,NA,1702221573
388,divnomorskoye,44.5011,38.1353,282.69,79,95,9.26,RU,1702221574
389,bambanglipuro,-7.95,110.2833,299.37,81,100,1.26,ID,1702221574
390,bichura,50.5881,107.6022,247.89,95,11,0.92,RU,1702221575
391,castillos,-34.1667,-53.8333,293.73,70,90,4.16,UY,1702221575
392,malanje,-9.5402,16.341,296.81,85,96,1.07,AO,1702221576
393,mount gambier,-37.8333,140.7667,288.05,88,100,5.01,AU,1702221576
394,babolsar,36.7025,52.6576,289.33,66,22,3.26,IR,1702221577
395,selfoss,63.9331,-20.9971,270.4,78,44,2.93,IS,1702221577
396,ar ruways,24.1103,52.7306,296.79,60,21,3.57,AE,1702221288
397,trondheim,63.4305,10.3951,274.18,82,65,2.96,NO,1702221314
398,shingu,33.7333,135.9833,285.35,78,68,2.25,JP,1702221578
399,dryden,49.7833,-92.7503,266.31,93,100,3.09,CA,1702221579
400,rio do sul,-27.2142,-49.6431,293.37,98,100,1.15,BR,1702221579
401,corinto,37.9407,22.9573,284.76,61,89,1.72,GR,1702221579
402,oranjemund,-28.55,16.4333,293.06,68,3,8.68,NA,1702221400
403,miquelon,47.0975,-56.3814,277.15,75,41,1.24,PM,1702221580
404,puerto san jose,13.9256,-90.8244,300.67,62,1,0.9,GT,1702221580
405,zouerate,22.7187,-12.4521,301.7,13,93,8.33,MR,1702221581
406,enewetak,11.3474,162.3373,300.74,74,73,8.68,MH,1702221581
407,smithers,54.7804,-127.1743,266.33,100,75,0.0,CA,1702221581
408,alnashi,56.1874,52.4792,241.63,100,8,2.01,RU,1702221582
409,elliot lake,46.3834,-82.6331,272.87,95,100,4.02,CA,1702221582
410,tumayr,25.7039,45.868,294.92,18,16,2.76,SA,1702221582
411,planaltina,-15.4528,-47.6142,306.19,27,7,4.38,BR,1702221583
412,tralee,52.2704,-9.7026,284.29,76,100,18.52,IE,1702221583
413,machico,32.7,-16.7667,297.6,86,40,3.09,PT,1702221583
414,kapa'a,22.0752,-159.319,297.33,84,0,5.14,US,1702221583
415,micco,27.8806,-80.5003,299.87,78,88,2.68,US,1702221584
416,stephenville,32.2207,-98.2023,277.7,42,0,3.09,US,1702221584
417,formosa do rio preto,-11.0483,-45.1931,308.97,31,23,3.64,BR,1702221585
418,camana,-16.6228,-72.7111,295.59,71,13,3.56,PE,1702221585
419,santanyi,39.3546,3.1291,294.16,73,31,5.18,ES,1702221585
420,north bend,43.4065,-124.2243,285.33,100,100,4.12,US,1702221586
421,calama,-22.4667,-68.9333,298.42,9,0,8.75,CL,1702221404
422,xuddur,4.1213,43.8894,302.25,40,17,4.84,SO,1702221586
423,rabo de peixe,37.8,-25.5833,290.92,99,75,5.14,PT,1702221586
424,arno,60.1167,18.6333,271.92,86,100,4.01,SE,1702221587
425,lensk,60.7253,114.9278,246.13,93,100,4.49,RU,1702221587
426,lucea,18.451,-78.1736,303.07,70,2,6.3,JM,1702221588
427,novyy urgal,51.0736,132.5642,245.91,86,45,1.82,RU,1702221588
428,nurota,40.5614,65.6886,277.4,66,100,2.92,UZ,1702221589
429,lata,40.1629,-8.3327,290.97,76,92,2.27,PT,1702221590
430,poronaysk,49.2167,143.1167,258.25,77,25,3.1,RU,1702221591
431,port saint john's,-31.6229,29.5448,291.14,90,100,2.92,ZA,1702221591
432,cartersville,34.1651,-84.7999,288.68,98,75,0.0,US,1702221550
433,hamina,60.5697,27.1979,263.75,88,100,4.67,FI,1702221592
434,polokwane,-23.9045,29.4688,292.62,77,100,2.57,ZA,1702221592
435,quchan,37.106,58.5095,281.75,44,0,1.57,IR,1702221593
436,changzhi,35.2089,111.7386,272.56,98,100,0.96,CN,1702221593
437,hami,42.8,93.45,270.65,87,30,3.13,CN,1702221594
438,touros,-5.1989,-35.4608,302.88,54,51,7.16,BR,1702221594
439,amga,60.8953,131.9608,244.57,91,100,3.96,RU,1702221594
440,xiangxiang,27.7333,112.5333,283.44,81,100,4.88,CN,1702221595
441,fuglafjordur,62.244,-6.814,280.41,85,100,12.33,FO,1702221595
442,sligo,54.2697,-8.4694,282.37,90,100,6.69,IE,1702221596
443,aras-asan,8.8908,126.3033,298.66,86,81,1.63,PH,1702221462
444,buala,-8.145,159.5921,299.48,85,100,1.88,SB,1702221596
445,idil,37.3411,41.8895,284.11,87,75,0.0,TR,1702221596
446,erenhot,43.6475,111.9767,261.94,40,100,7.49,CN,1702221597
447,luganville,-15.5333,167.1667,298.37,82,100,5.23,VU,1702221597
448,chibougamau,49.9168,-74.3659,275.94,87,100,4.12,CA,1702221597
449,biguacu,-27.4942,-48.6556,297.04,93,100,0.77,BR,1702221360
450,revda,56.801,59.9303,247.31,100,100,1.55,RU,1702221599
451,guiuan,11.0333,125.7247,301.23,79,79,7.57,PH,1702221601
452,tadine,-21.55,167.8833,295.57,74,99,5.71,NC,1702221601
453,lagos,6.5833,3.75,306.33,52,32,3.67,NG,1702221601
454,muana,-1.5283,-49.2167,306.37,51,60,2.78,BR,1702221602
455,zhaqsy,51.9083,67.3133,242.68,100,96,2.14,KZ,1702221602
456,crane,31.3974,-102.3501,277.21,40,0,1.89,US,1702221567
457,kiffa,16.6166,-11.4045,306.88,10,67,7.76,MR,1702221603
458,fort mcmurray,56.7268,-111.381,264.92,86,100,2.57,CA,1702221604
459,skhira,34.2992,10.07,292.97,40,0,5.46,TN,1702221604
460,altai,46.3722,96.2583,257.48,59,1,4.11,MN,1702221605
461,okhotsk,59.3833,143.3,269.24,85,100,7.3,RU,1702221606
462,prymors'k,46.7348,36.3443,277.06,89,100,7.47,UA,1702221606
463,folkston,30.8305,-82.0098,296.96,81,99,2.24,US,1702221607
464,merizo village,13.2658,144.6691,300.46,86,44,6.25,GU,1702221607
465,bonthe,7.5264,-12.505,304.84,54,73,5.27,SL,1702221607
466,ban karon,7.8477,98.2985,300.1,78,99,2.05,TH,1702221607
467,"laikit, laikit ii (dimembe)",1.4792,124.9735,296.62,94,20,1.03,ID,1702221608
468,seven pagodas,12.6264,80.1722,300.18,79,16,5.4,IN,1702221608
469,carrizo springs,28.5219,-99.8606,282.49,53,0,5.66,US,1702221608
470,vorgashor,67.5833,63.95,248.09,100,93,2.48,RU,1702221609
471,manaure,11.7751,-72.4445,303.34,61,5,11.71,CO,1702221609
472,la passe,45.5549,-0.8967,287.6,91,100,9.27,FR,1702221610
473,hadithah,34.1397,42.3781,291.84,52,100,1.63,IQ,1702221611
474,callao,-12.0667,-77.15,294.31,73,75,3.6,PE,1702221611
475,phang nga,8.4509,98.5298,300.17,94,99,1.44,TH,1702221612
476,urucara,-2.5364,-57.76,307.81,47,92,1.66,BR,1702221612
477,bulawayo,-20.15,28.5833,296.71,58,90,0.34,ZW,1702221613
478,fort st. john,56.2499,-120.8529,274.09,75,75,6.17,CA,1702221402
479,aberdeen,57.1437,-2.0981,280.42,94,75,6.17,GB,1702221614
480,kabala,9.5833,-11.55,306.23,14,100,2.9,SL,1702221614
481,yemva,62.59,50.8594,247.76,99,69,1.95,RU,1702221615
482,rawlins,41.7911,-107.2387,268.09,50,75,8.75,US,1702221617
483,santa terezinha,-29.9002,-50.0904,295.04,81,100,7.95,BR,1702221618
484,coxen hole,16.3244,-86.5366,301.75,84,20,4.12,HN,1702221368
485,sittwe,20.15,92.9,295.8,72,2,5.4,MM,1702221461
486,caromatan,7.7959,123.7145,298.31,91,97,2.21,PH,1702221621
487,tutoia,-2.7619,-42.2744,303.69,61,76,7.27,BR,1702221621
488,benjamin hill,30.1667,-111.1,282.7,18,0,3.2,MX,1702221622
489,mili,6.0815,171.735,300.75,83,87,7.75,MH,1702221622
490,port moresby,-9.4431,147.1797,297.83,88,20,1.54,PG,1702221623
491,diego de almagro,-26.3667,-70.05,299.22,26,0,3.89,CL,1702221623
492,nuevo casas grandes,30.4167,-107.9167,274.96,28,0,1.6,MX,1702221554
493,guiratinga,-16.3494,-53.7583,312.62,25,29,1.64,BR,1702221625
494,laishevo,55.4046,49.5504,250.27,93,92,3.93,RU,1702221625
495,san martin,-33.081,-68.4681,301.45,33,4,6.87,AR,1702221625
496,ko pha ngan,9.7578,100.0291,298.53,74,81,2.78,TH,1702221626
497,goulburn,-34.75,149.7167,291.36,90,97,0.45,AU,1702221627
498,ovalle,-30.5983,-71.2003,297.47,45,0,4.23,CL,1702221627
499,santiago,-33.4569,-70.6483,305.84,17,0,2.57,CL,1702221464
500,jianshui,23.6363,102.8264,287.47,86,0,1.96,CN,1702221628
501,gamay,12.3854,125.2979,299.09,86,73,3.06,PH,1702221630
502,maindargi,17.4667,76.3,297.09,46,5,3.75,IN,1702221630
503,trincomalee,8.5711,81.2335,300.51,79,66,4.57,LK,1702221631
504,sakaiminato,35.55,133.2333,288.14,82,75,8.75,JP,1702221631
505,mount airy,36.4993,-80.6073,287.0,85,100,2.57,US,1702221632
506,kutum,14.2,24.6667,301.27,13,6,4.26,SD,1702221632
507,faya-largeau,17.9257,19.1043,301.76,12,98,2.88,TD,1702221632
508,letlhakane,-21.4167,25.5833,299.52,50,77,5.23,BW,1702221633
509,the pas,53.8251,-101.2541,262.16,92,100,1.03,CA,1702221635
510,vernon,50.2581,-119.2691,274.12,89,100,3.09,CA,1702221411
511,sola,-13.8833,167.55,299.58,79,100,8.89,VU,1702221636
512,oleksandrivka,48.9634,32.2349,273.78,99,100,2.83,UA,1702221637
513,jinzhou,41.1078,121.1417,263.81,33,100,6.46,CN,1702221638
514,island harbour,50.724,-1.2758,286.44,92,100,3.58,GB,1702221638
515,taoudenni,22.6783,-3.9836,298.54,12,11,10.15,ML,1702221639
516,dogonbadan,30.3586,50.7981,291.2,45,0,0.0,IR,1702221639
517,safi,32.1667,-8.8333,301.05,20,1,3.98,MA,1702221639
518,souillac,-20.5167,57.5167,299.36,73,40,3.6,MU,1702221639
519,dalandzadgad,43.5708,104.425,265.07,62,73,2.18,MN,1702221640
520,marka,1.7159,44.7717,300.52,80,79,6.56,SO,1702221640
521,skagen,57.7209,10.5839,276.23,98,100,11.56,DK,1702221640
522,syriam,16.7722,96.2378,300.21,94,20,1.03,MM,1702221641
523,ranibennur,14.6167,75.6167,299.71,53,100,3.21,IN,1702221641
524,airdrie,55.866,-3.9803,278.46,90,100,3.29,GB,1702221615
525,port hedland,-20.3167,118.5667,301.18,20,0,5.66,AU,1702221643
526,kigoma,-4.8769,29.6267,297.86,77,100,1.32,TZ,1702221643
527,puerto armuelles,8.2833,-82.8667,303.14,81,15,2.24,PA,1702221643
528,peer,51.1317,5.4568,283.62,84,75,6.69,BE,1702221643
529,nizhnevartovsk,60.9344,76.5531,236.16,74,40,4.0,RU,1702221644
530,fernley,39.608,-119.2518,278.15,39,100,0.94,US,1702221644
531,lae,-6.7221,146.9847,298.74,89,99,1.49,PG,1702221644
532,sheridan,44.8333,-106.9173,270.63,80,100,0.0,US,1702221645
533,constitucion,-35.3333,-72.4167,294.67,49,77,5.3,CL,1702221645
534,gorontalo,0.5412,123.0595,297.55,95,94,1.46,ID,1702221645
535,yaren,-0.5472,166.916,301.48,74,97,2.48,NR,1702221646
536,labytnangi,66.6572,66.4183,241.91,100,86,2.4,RU,1702221646
537,flying fish cove,-10.4217,105.6791,297.97,83,100,5.66,CX,1702221647
538,salida,37.7058,-121.0849,282.78,93,0,0.0,US,1702221580
539,barkly west,-28.5354,24.5215,297.75,36,94,9.24,ZA,1702221648
540,kampene,-3.6,26.6667,298.25,79,93,1.48,CD,1702221649
541,olyokminsk,60.3736,120.4264,246.27,89,100,3.61,RU,1702221649
542,betio village,1.358,172.9211,300.17,76,96,1.52,KI,1702221650
543,carini,38.1567,13.1776,291.08,71,20,8.23,IT,1702221650
544,umm kaddadah,13.6017,26.6876,302.37,12,15,1.03,SD,1702221651
545,sorong,-0.8833,131.25,300.69,81,100,2.49,ID,1702221651
546,ariquemes,-9.9133,-63.0408,308.47,44,52,1.32,BR,1702221652
547,lospalos,-8.5186,127.0025,297.17,89,81,1.23,TL,1702221653
548,addiet canna,11.2667,37.4833,291.03,57,67,1.95,ET,1702221653
549,kropyvnytskyi,48.5132,32.2597,273.94,100,100,2.67,UA,1702221654
550,fort bragg,35.139,-79.006,295.27,86,100,4.12,US,1702221654
551,turochak,52.2576,87.1224,248.41,100,99,0.36,RU,1702221655
552,quillacollo,-17.4,-66.2833,301.19,32,40,1.54,BO,1702221655
553,agnita,45.9667,24.6167,274.08,85,80,0.55,RO,1702221656
554,paducah,37.0834,-88.6001,277.84,68,100,5.14,US,1702221657
555,xilin hot,43.9667,116.0333,256.62,71,100,2.77,CN,1702221657
556,tarnogskiy gorodok,60.4997,43.5761,256.14,84,100,4.62,RU,1702221658
557,northam,51.0333,-4.2167,287.4,92,86,11.68,GB,1702221658
558,madang,-5.2246,145.7966,297.82,95,100,2.14,PG,1702221658
559,fatehpur,25.9333,80.8,291.5,41,0,1.92,IN,1702221659
560,kitangari,-10.65,39.3333,298.01,84,25,2.71,TZ,1702221659
561,smolyaninovo,43.2956,132.4675,262.78,37,1,4.66,RU,1702221659
562,zhangye,38.9342,100.4517,272.64,36,100,1.95,CN,1702221660
563,mildura,-34.2,142.15,299.9,43,100,8.96,AU,1702221660
564,khvansar,33.2205,50.315,281.16,37,24,1.08,IR,1702221660
565,puerto madryn,-42.7692,-65.0385,297.88,29,0,3.1,AR,1702221576
566,kaa-khem,51.6833,94.7333,238.93,97,78,1.09,RU,1702221661
567,as sulayyil,20.4607,45.5779,296.29,18,100,4.48,SA,1702221662
568,mumford,5.2618,-0.759,301.88,73,98,4.8,GH,1702221663
569,varna,43.2167,27.9167,279.51,81,20,2.57,BG,1702221663
